自然语言输入,生成阶段,流程列表,步骤列表,组件列表,当前阶段结果,flag,username,timestamp
s,拆解流程,调用后端服务时发生错误：,dsf,sdf,调用后端服务时发生错误：,,,2024-09-04 00:38:37.760054
合并2023年和2024年的《地区月度销售数据》，剔除《地区月度销售数据》和《网点明细销售数据》的港澳台数据，然后写入模板，刷新透视表和公式，生成报表和看板图片。,拆解步骤,"1. 读取数据
2. 合并数据
3. 筛选数据
4. 写入报表
5. 报表数据处理
6. 刷新透视表
7. 执行公式
8. 生成图片","1. 读取《网点明细销售数据》的sheet1为网点明细销售数据表
2. 读取《地区月度销售数据2023》的sheet1为地区月度销售数据2023表
3. 读取《地区月度销售数据2024》的sheet1为地区月度销售数据2024表
4. 合并地区月度销售数据2023表与地区月度销售数据2024表为地区月度销售数据表
5. 筛选数据：剔除地区月度销售数据表的【地区】为“香港”、“澳门”、“台湾”数据
6. 筛选数据：剔除网点明细销售数据表的【地区】为“香港”、“澳门”、“台湾”数据
7. 写入：《销售日报》的sheet“地区月度表”
8. 写入：《销售日报》的sheet“网点明细表”
9. 获取网点明细销售数据表的总行数
10. 将《销售日报》的sheet“网点明细表”的公式下拉至最后一行
11. 刷新透视表：整体月度透视表
12. 刷新透视表：地区日度透视表
13. 刷新透视表：网点日度透视表
14. 执行Excel公式
15. 将Excel里所有公式删除，保留数值
16. 获取数据：需要输出的文本
17. 将首页表格内容导出图片",adsf,"```
1. 读取《网点明细销售数据》的sheet1为网点明细销售数据表
2. 读取《地区月度销售数据2023》的sheet1为地区月度销售数据2023表
3. 读取《地区月度销售数据2024》的sheet1为地区月度销售数据2024表
4. 合并地区月度销售数据2023表与地区月度销售数据2024表为地区月度销售数据表
5. 筛选数据：剔除地区月度销售数据表的【地区】为“香港”、“澳门”、“台湾”数据
6. 筛选数据：剔除网点明细销售数据表的【地区】为“香港”、“澳门”、“台湾”数据
7. 写入：《销售日报》的sheet“地区月度表”
8. 写入：《销售日报》的sheet“网点明细表”
9. 获取网点明细销售数据表的总行数
10. 将《销售日报》的sheet“网点明细表”的公式下拉至最后一行
11. 刷新透视表：整体月度透视表
12. 刷新透视表：地区日度透视表
13. 刷新透视表：网点日度透视表
14. 执行Excel公式
15. 将Excel里所有公式删除，保留数值
16. 获取数据：需要输出的文本
17. 将首页表格内容导出图片
```",,,2024-09-04 12:13:10.862768
"读取报表：《仓库端滞留件监控明细1》的sheet1；《仓库端滞留件监控明细2》的sheet1
合并报表：《仓库端滞留件监控明细1》和《仓库端滞留件监控明细2》
筛选数据：1、筛选“派送日期”为当天；2、剔除合并报表的“滞留原因”列为“客户不在家”；
将数据粘贴至：《仓库端滞留件监控》表的sheet《明细》中
将《仓库端滞留件监控》表的sheet《明细》中的A-C列公式下拉复制；
将《仓库端滞留件监控》表的sheet《明细》中的F列公式下拉复制；
刷新透视表：《统计枢纽表》、《仓库分析表》、《滞留原因分析表》
计算公式
生成报表
生成图片：《仓库端滞留件监控》表的sheet《看板》",拆解流程,,,,,,,2024-09-04 12:49:48.106569
"读取报表：《仓库端滞留件监控明细1》的sheet1；《仓库端滞留件监控明细2》的sheet1
合并报表：《仓库端滞留件监控明细1》和《仓库端滞留件监控明细2》
筛选数据：1、筛选“派送日期”为当天；2、剔除合并报表的“滞留原因”列为“客户不在家”；
将数据粘贴至：《仓库端滞留件监控》表的sheet《明细》中
将《仓库端滞留件监控》表的sheet《明细》中的A-C列公式下拉复制；
将《仓库端滞留件监控》表的sheet《明细》中的F列公式下拉复制；
刷新透视表：《统计枢纽表》、《仓库分析表》、《滞留原因分析表》
计算公式
生成报表
生成图片：《仓库端滞留件监控》表的sheet《看板》",拆解流程,,,,"```
1. 读取数据
2. 合并数据
3. 筛选数据
4. 写入报表
5. 报表数据处理
6. 执行公式
7. 刷新透视表
8. 生成图片
``` 

具体步骤拆解：
1. 读取《仓库端滞留件监控明细1》的sheet1 
2. 读取《仓库端滞留件监控明细2》的sheet1
3. 合并数据
4. 筛选“派送日期”为当天的数据
5. 剔除“滞留原因”列为“客户不在家”的数据
6. 将筛选后的数据粘贴至《仓库端滞留件监控》表的sheet《明细》中
7. 在《仓库端滞留件监控》表的sheet《明细》中对A-C列公式下拉复制
8. 在《仓库端滞留件监控》表的sheet《明细》中对F列公式下拉复制
9. 刷新透视表《统计枢纽表》
10. 刷新透视表《仓库分析表》
11. 刷新透视表《滞留原因分析表》
12. 计算公式
13. 生成报表
14. 生成图片：《仓库端滞留件监控》表的sheet《看板》",,,2024-09-04 12:51:13.154918
合并2023年和2024年的《地区月度销售数据》，剔除《地区月度销售数据》和《网点明细销售数据》的港澳台数据，然后写入模板，刷新透视表和公式，生成报表和看板图片。,拆解流程,,,,,,,2024-09-04 13:52:47.765659
,,,,,,,,2024-09-04 13:54:11.965078
合并2023年和2024年的《地区月度销售数据》，剔除《地区月度销售数据》和《网点明细销售数据》的港澳台数据，然后写入模板，刷新透视表和公式，生成报表和看板图片。,拆解步骤,"1. 读取数据
2. 合并数据
3. 筛选数据
4. 写入报表
5. 报表数据处理
6. 刷新透视表
7. 执行公式
8. 生成图片",,,"```
1. 读取《网点明细销售数据》的sheet1为网点明细销售数据表
2. 读取《地区月度销售数据2023》的sheet1为地区月度销售数据2023表
3. 读取《地区月度销售数据2024》的sheet1为地区月度销售数据2024表
4. 合并地区月度销售数据2023表与地区月度销售数据2024表为地区月度销售数据表
5. 筛选数据：剔除地区月度销售数据表的【地区】为“香港”、“澳门”、“台湾”数据
6. 筛选数据：剔除网点明细销售数据表的【地区】为“香港”、“澳门”、“台湾”数据
7. 写入：《销售日报》的sheet“地区月度表”
8. 写入：《销售日报》的sheet“网点明细表”
9. 获取网点明细销售数据表的总行数
10. 将《销售日报》的sheet“网点明细表”的公式下拉至最后一行
11. 刷新透视表：整体月度透视表
12. 刷新透视表：地区日度透视表
13. 刷新透视表：网点日度透视表
14. 执行Excel公式
15. 将Excel里所有公式删除，保留数值
16. 获取数据：需要输出的文本
17. 将首页表格内容导出图片
```",,,2024-09-05 15:14:26.271639
合并2023年和2024年的《地区月度销售数据》，剔除《地区月度销售数据》和《网点明细销售数据》的港澳台数据，然后写入模板，刷新透视表和公式，生成报表和看板图片。,拆解步骤,"1. 读取数据
2. 合并数据
3. 筛选数据
4. 写入报表
5. 报表数据处理
6. 刷新透视表
7. 执行公式
8. 生成图片",,,"```
1. 读取《网点明细销售数据》的sheet1为网点明细销售数据表
2. 读取《地区月度销售数据2023》的sheet1为地区月度销售数据2023表
3. 读取《地区月度销售数据2024》的sheet1为地区月度销售数据2024表
4. 合并地区月度销售数据2023表与地区月度销售数据2024表为地区月度销售数据表
5. 筛选数据：剔除地区月度销售数据表的【地区】为“香港”、“澳门”、“台湾”数据
6. 筛选数据：剔除网点明细销售数据表的【地区】为“香港”、“澳门”、“台湾”数据
7. 写入：《销售日报》的sheet“地区月度表”
8. 写入：《销售日报》的sheet“网点明细表”
9. 获取网点明细销售数据表的总行数
10. 将《销售日报》的sheet“网点明细表”的公式下拉至最后一行
11. 刷新透视表：整体月度透视表
12. 刷新透视表：地区日度透视表
13. 刷新透视表：网点日度透视表
14. 执行Excel公式
15. 将Excel里所有公式删除，保留数值
16. 获取数据：需要输出的文本
17. 将首页表格内容导出图片
```",,,2024-09-05 15:14:30.283016
